,image,player
0,eda97f557b.jpg,virat_kohli
1,273ed0f2b9.jpg,hardik_pandya
2,77076b6409.jpg,jasprit_bumrah
3,f028e2dcf8.jpg,mohammed_shami
4,3364f861e1.jpg,kedar_jadhav
5,039dfad839.jpg,kedar_jadhav
6,3fe4fb9154.jpg,ravindra_jadeja
7,8bfb807a16.jpg,ravindra_jadeja
8,76976c6783.jpg,ravindra_jadeja
9,08c11ff5bd.jpg,shikhar_dhawan
10,7a6df31c12.jpg,kuldeep_yadav
11,d12a9577b5.jpg,virat_kohli
12,8c580c8e93.jpg,k._l._rahul
13,3a665cf4da.jpg,shikhar_dhawan
14,d14e8a6479.jpg,k._l._rahul
15,6cde769588.jpg,kuldeep_yadav
16,be12e13cb6.jpg,jasprit_bumrah
17,eafb31d0f4.jpg,vijay_shankar
18,27fe10a574.jpg,hardik_pandya
19,59dfbc272a.jpg,rohit_sharma
20,48df89cad7.jpg,vijay_shankar
21,cb391dff3a.jpg,mohammed_shami
22,a04aea282d.jpg,mohammed_shami
23,c039b00044.jpg,kedar_jadhav
24,6c6c8a6bf7.jpg,shikhar_dhawan
25,6f4fa7dbff.jpg,yuzvendra_chahal
26,fdae0c1962.jpg,mohammed_shami
27,246fda85b7.jpg,rohit_sharma
28,0e9c1d202b.jpg,shikhar_dhawan
29,ad36410a31.jpg,hardik_pandya
30,52c3814e2f.jpg,ravindra_jadeja
31,8a56b6a80f.jpg,shikhar_dhawan
32,e26a9338ae.jpg,kuldeep_yadav
33,50f5c09c06.jpg,ravindra_jadeja
34,e959ddac3b.jpg,virat_kohli
35,0f70655b46.jpg,hardik_pandya
36,41b28f935b.jpg,ms_dhoni
37,b57feb8bce.jpg,kedar_jadhav
38,f00bd50817.jpg,ravindra_jadeja
39,db83c34579.jpg,kedar_jadhav
40,606410792f.jpg,ravindra_jadeja
41,d2cc2539a3.jpg,ravindra_jadeja
42,53733f9139.jpg,virat_kohli
43,06773469f0.jpg,jasprit_bumrah
44,f0e058b89f.jpg,kuldeep_yadav
45,676f677b22.jpg,dinesh_karthik
46,9365e87c2f.jpg,ravindra_jadeja
47,175ab8b1ce.jpg,dinesh_karthik
48,1bebd1adb8.jpg,ms_dhoni
49,2ef3709518.jpg,bhuvneshwar_kumar
50,080f4be35f.jpg,rohit_sharma
51,87e3526da7.jpg,hardik_pandya
52,cd10b88ae1.jpg,mohammed_shami
53,cc984dfc39.jpg,virat_kohli
54,2a623ccda1.jpg,ms_dhoni
55,a30794e444.jpg,bhuvneshwar_kumar
56,ec5f0c5786.jpg,bhuvneshwar_kumar
57,5f365dc4af.jpg,bhuvneshwar_kumar
58,c1c72c3e63.jpg,mohammed_shami
59,1f968258a8.jpg,virat_kohli
60,83efc40236.jpg,shikhar_dhawan
61,63fde8e493.jpg,ravindra_jadeja
62,0631ccf6f2.jpg,shikhar_dhawan
63,b8f79b9fed.jpg,vijay_shankar
64,010e34c730.jpg,rohit_sharma
65,0dc7ed4641.jpg,hardik_pandya
66,7b6eae8afe.jpg,dinesh_karthik
67,57dc5fdf3c.jpg,vijay_shankar
68,b9b503c901.jpg,yuzvendra_chahal
69,abe012a3d7.jpg,rohit_sharma
70,c965e47869.jpg,bhuvneshwar_kumar
71,2bd29c93eb.jpg,k._l._rahul
72,b2839fe321.jpg,kedar_jadhav
73,3e6f29a435.jpg,kedar_jadhav
74,01ef193e6a.jpg,ravindra_jadeja
75,17e71b5c95.jpg,vijay_shankar
76,8079964464.jpg,virat_kohli
77,994bdd4db5.jpg,ravindra_jadeja
78,e96843617c.jpg,ravindra_jadeja
79,bf460e7d52.jpg,kuldeep_yadav
80,7232290cf4.jpg,rohit_sharma
81,3395c8100f.jpg,hardik_pandya
82,dda901aa99.jpg,virat_kohli
83,46b1d39bd4.jpg,mohammed_shami
84,ebd5977494.jpg,kedar_jadhav
85,42014692b2.jpg,ms_dhoni
86,08d84e7962.jpg,ravindra_jadeja
87,1d5dc280e3.jpg,mohammed_shami
88,dc4673eea2.jpg,rohit_sharma
89,cedfb16945.jpg,kuldeep_yadav
90,bbb4078591.jpg,vijay_shankar
91,e20cc142a4.jpg,mohammed_shami
92,5a7e35bfaf.jpg,mohammed_shami
93,32087b2349.jpg,ms_dhoni
94,978e35dbd8.jpg,mohammed_shami
95,32fab304a3.jpg,shikhar_dhawan
96,efeb7cd1f0.jpg,ravindra_jadeja
97,e8cf79d95d.jpg,mohammed_shami
98,32b88ddfb5.jpg,shikhar_dhawan
99,88b4806e57.jpg,rohit_sharma
100,d6a094c1b7.jpg,kedar_jadhav
101,86aa7b25f8.jpg,ravindra_jadeja
102,2751420e7e.jpg,jasprit_bumrah
103,20c6553a7e.jpg,kuldeep_yadav
104,bf64d6613a.jpg,jasprit_bumrah
105,50418fd22c.jpg,jasprit_bumrah
106,6af309e48a.jpg,k._l._rahul
107,72d5d6d810.jpg,jasprit_bumrah
108,ef09cc0e6e.jpg,shikhar_dhawan
109,61b5b0b100.jpg,kuldeep_yadav
110,36df32feb1.jpg,jasprit_bumrah
111,13c91cad61.jpg,ms_dhoni
112,d9e8c10995.jpg,hardik_pandya
113,d0c94c7f2e.jpg,shikhar_dhawan
114,ed7f010192.jpg,dinesh_karthik
115,840ac08230.jpg,hardik_pandya
116,7177e1f88f.jpg,dinesh_karthik
117,31b4dabce6.jpg,virat_kohli
118,0acb08b02f.jpg,yuzvendra_chahal
119,adfc1b7074.jpg,yuzvendra_chahal
120,d1be66947c.jpg,bhuvneshwar_kumar
121,d938e80e3d.jpg,virat_kohli
122,6976be5f34.jpg,mohammed_shami
123,8d71c53329.jpg,kuldeep_yadav
124,ecc5a87c70.jpg,virat_kohli
125,de2f6f064b.jpg,virat_kohli
126,f8105592f7.jpg,kedar_jadhav
127,4fde6c5b72.jpg,yuzvendra_chahal
128,dafe3cd384.jpg,vijay_shankar
129,b255e7878a.jpg,hardik_pandya
130,a0fa73b091.jpg,ravindra_jadeja
131,8089a0f9e6.jpg,dinesh_karthik
132,d062e298e8.jpg,kuldeep_yadav
133,9bd87d49ad.jpg,shikhar_dhawan
134,aff52a3793.jpg,kedar_jadhav
135,26a7c8a8df.jpg,kuldeep_yadav
136,906c48d1a4.jpg,virat_kohli
137,31aa47fea4.jpg,virat_kohli
138,a20ff573b6.jpg,rohit_sharma
139,158d7bcfde.jpg,vijay_shankar
140,ad19067818.jpg,rohit_sharma
141,42c004b206.jpg,rohit_sharma
142,3b4f1c9d54.jpg,ravindra_jadeja
143,efc7b426d9.jpg,hardik_pandya
144,b1c2ae894a.jpg,ms_dhoni
145,6e23d90c70.jpg,kuldeep_yadav
146,7ce2a8a52d.jpg,shikhar_dhawan
147,4f31dc0e42.jpg,virat_kohli
148,4851b1fd65.jpg,kedar_jadhav
149,c936f1bbb2.jpg,dinesh_karthik
150,936d4c7fe8.jpg,bhuvneshwar_kumar
151,e7374327bb.jpg,rohit_sharma
152,834eaa80ae.jpg,hardik_pandya
153,3aabdc9617.jpg,yuzvendra_chahal
154,9f66e69126.jpg,kedar_jadhav
155,63e36a9807.jpg,kuldeep_yadav
156,72d887b4ba.jpg,shikhar_dhawan
157,9249adb803.jpg,kuldeep_yadav
158,d965853144.jpg,rohit_sharma
159,14a46d3206.jpg,k._l._rahul
160,3d685ffe3b.jpg,hardik_pandya
161,df4310211c.jpg,rohit_sharma
162,5ad81ccad7.jpg,rohit_sharma
163,9dd2085992.jpg,dinesh_karthik
164,ce4358e7fb.jpg,ms_dhoni
165,75dd552d64.jpg,vijay_shankar
166,c41548fe1d.jpg,rohit_sharma
167,c6484ed5e3.jpg,jasprit_bumrah
168,3dd376eb82.jpg,k._l._rahul
169,eb1d68ac05.jpg,yuzvendra_chahal
170,ba46019e59.jpg,kedar_jadhav
171,602718921a.jpg,ms_dhoni
172,df8f8c0d40.jpg,vijay_shankar
173,d023bde6f7.jpg,ravindra_jadeja
174,aa37b38d13.jpg,kuldeep_yadav
175,91e6c64f52.jpg,ravindra_jadeja
176,cb8479530d.jpg,k._l._rahul
177,7b1ad87eaf.jpg,ms_dhoni
178,ffe70130d5.jpg,virat_kohli
179,7318dbb499.jpg,bhuvneshwar_kumar
180,7c3261b80f.jpg,dinesh_karthik
181,a9f9949f6b.jpg,shikhar_dhawan
182,12b63caa09.jpg,yuzvendra_chahal
183,479660bce5.jpg,hardik_pandya
184,945a7f8e3e.jpg,kedar_jadhav
185,edb8bb4731.jpg,yuzvendra_chahal
186,518899caf2.jpg,shikhar_dhawan
187,3a7496ab84.jpg,virat_kohli
188,5b7aeebeb1.jpg,k._l._rahul
189,f8f067ea30.jpg,ravindra_jadeja
190,852b137411.jpg,bhuvneshwar_kumar
191,7ccf0bc72b.jpg,ms_dhoni
192,5807fc01fb.jpg,rohit_sharma
193,86f6823963.jpg,k._l._rahul
194,f364bd8acc.jpg,virat_kohli
195,52d9349ede.jpg,yuzvendra_chahal
196,c389ec55c3.jpg,jasprit_bumrah
197,04a124ff60.jpg,dinesh_karthik
198,eae54b1b44.jpg,ravindra_jadeja
199,55317620f9.jpg,vijay_shankar
200,1602865727.jpg,shikhar_dhawan
201,7426e46cc4.jpg,k._l._rahul
202,fd7ab6530d.jpg,dinesh_karthik
203,393e7eeca2.jpg,ms_dhoni
204,861eb552c4.jpg,ms_dhoni
205,f4e609f735.jpg,virat_kohli
206,3c92dc0d6e.jpg,vijay_shankar
207,75a5d214a8.jpg,rohit_sharma
208,7ff674d085.jpg,virat_kohli
209,f26436e3c4.jpg,ms_dhoni
210,0203170f6a.jpg,dinesh_karthik
211,d35963ef0b.jpg,hardik_pandya
212,b86e431722.jpg,k._l._rahul
213,0061d197a2.jpg,bhuvneshwar_kumar
214,89cba2a073.jpg,dinesh_karthik
215,32fe675c5f.jpg,ms_dhoni
216,57e1115fa9.jpg,ms_dhoni
217,51f67e6a92.jpg,bhuvneshwar_kumar
218,b6578672b8.jpg,yuzvendra_chahal
219,ab501510b1.jpg,vijay_shankar
220,0fffeeaec7.jpg,kuldeep_yadav
221,269612863d.jpg,kuldeep_yadav
222,e3e5114c4c.jpg,kuldeep_yadav
223,f287f6bd6e.jpg,rohit_sharma
224,8464639e9d.jpg,virat_kohli
225,2f37c2a909.jpg,kedar_jadhav
226,f21ff5914e.jpg,ravindra_jadeja
227,dfb379b4b3.jpg,shikhar_dhawan
228,045c0e444e.jpg,bhuvneshwar_kumar
229,7da6647368.jpg,virat_kohli
230,62dcef36cd.jpg,mohammed_shami
231,6cb244a6fc.jpg,k._l._rahul
232,59bd8881b9.jpg,jasprit_bumrah
233,1767d84f8a.jpg,kuldeep_yadav
234,f6023b2b9a.jpg,mohammed_shami
235,81a2b2bea0.jpg,kuldeep_yadav
236,1803acdbed.jpg,ravindra_jadeja
237,361d59cbc2.jpg,kuldeep_yadav
238,30334c13bb.jpg,yuzvendra_chahal
239,4ee7e93579.jpg,ms_dhoni
240,5bd81256f7.jpg,virat_kohli
241,c0408a25e5.jpg,k._l._rahul
242,1e28150c76.jpg,hardik_pandya
243,be050d2058.jpg,bhuvneshwar_kumar
244,d3cfcbc4df.jpg,ms_dhoni
245,85a6138767.jpg,k._l._rahul
246,15c6b528c2.jpg,ms_dhoni
247,088d9410e5.jpg,rohit_sharma
248,1678a74ac1.jpg,bhuvneshwar_kumar
249,28324f3960.jpg,rohit_sharma
250,833fb22a59.jpg,vijay_shankar
251,3168a1c02a.jpg,kedar_jadhav
252,a020409a21.jpg,shikhar_dhawan
253,9e9142d325.jpg,virat_kohli
254,317f4fd39f.jpg,shikhar_dhawan
255,11942cecfd.jpg,k._l._rahul
256,287f4de93a.jpg,mohammed_shami
257,9520390619.jpg,dinesh_karthik
258,e2bd0c30f3.jpg,dinesh_karthik
259,8c3e367fc4.jpg,jasprit_bumrah
260,0d3b5bc33e.jpg,hardik_pandya
261,a43cfa04a9.jpg,rohit_sharma
262,263f97b2ec.jpg,bhuvneshwar_kumar
263,dd6fc0ae1f.jpg,yuzvendra_chahal
264,ecbf2b1c02.jpg,rohit_sharma
265,048db0eb01.jpg,virat_kohli
266,408e4c29f8.jpg,shikhar_dhawan
267,7bc5d17657.jpg,shikhar_dhawan
268,728c4dbb70.jpg,kuldeep_yadav
269,cac16ea9ae.jpg,ravindra_jadeja
270,0039cbf95e.jpg,k._l._rahul
271,63769f013c.jpg,shikhar_dhawan
272,6a25a47096.jpg,ms_dhoni
273,935f7cde7e.jpg,shikhar_dhawan
274,bc702b89cf.jpg,dinesh_karthik
275,2a9cd9eb0f.jpg,yuzvendra_chahal
276,e225ae8001.jpg,shikhar_dhawan
277,3e64a88aab.jpg,rohit_sharma
278,75ea0682cb.jpg,bhuvneshwar_kumar
279,dbae665875.jpg,shikhar_dhawan
280,24bfb58126.jpg,kedar_jadhav
281,3f76ad3b7b.jpg,kuldeep_yadav
282,30885b522b.jpg,ms_dhoni
283,33885725ba.jpg,vijay_shankar
284,c91502c2b6.jpg,virat_kohli
285,1100a735f8.jpg,kedar_jadhav
286,669462b3bd.jpg,dinesh_karthik
287,0f82f512d7.jpg,ravindra_jadeja
288,c0c00dfe19.jpg,mohammed_shami
289,9b93914107.jpg,hardik_pandya
290,96214ada94.jpg,yuzvendra_chahal
291,44f8baa47d.jpg,bhuvneshwar_kumar
292,218e6193a0.jpg,kedar_jadhav
293,395c4217ae.jpg,rohit_sharma
294,8e3de51460.jpg,k._l._rahul
295,95a705f0bc.jpg,bhuvneshwar_kumar
296,a56c9c8b78.jpg,virat_kohli
297,c2a6ec381f.jpg,mohammed_shami
298,6414cc2267.jpg,jasprit_bumrah
299,24fd07be48.jpg,hardik_pandya
300,20a68c28ca.jpg,ms_dhoni
301,9a50350a30.jpg,vijay_shankar
302,72435ed953.jpg,yuzvendra_chahal
303,5d7aefc8dc.jpg,vijay_shankar
304,10fa070a3f.jpg,dinesh_karthik
305,e1b7062877.jpg,ms_dhoni
306,9c796c5d9d.jpg,bhuvneshwar_kumar
307,357c906101.jpg,hardik_pandya
308,82731ecafb.jpg,mohammed_shami
309,598ddc2d27.jpg,bhuvneshwar_kumar
310,f4b2d689d3.jpg,yuzvendra_chahal
311,b18a79c633.jpg,ms_dhoni
312,4e97508ac2.jpg,virat_kohli
313,369cc34b93.jpg,kedar_jadhav
314,9d82df46d8.jpg,bhuvneshwar_kumar
315,aa56bff3a8.jpg,virat_kohli
316,c5f48350ae.jpg,mohammed_shami
317,b7ae7586ba.jpg,ms_dhoni
318,94f6819088.jpg,ms_dhoni
319,e021af09f9.jpg,shikhar_dhawan
320,1b82c43aab.jpg,hardik_pandya
321,3a96fbc460.jpg,mohammed_shami
322,3d3234e169.jpg,rohit_sharma
323,f42bb0da48.jpg,bhuvneshwar_kumar
324,64a7c973bd.jpg,kuldeep_yadav
325,c2738c87f9.jpg,vijay_shankar
326,b94188512a.jpg,rohit_sharma
327,782f2bfb8d.jpg,hardik_pandya
328,f9bcd42464.jpg,mohammed_shami
329,2cc088e3ca.jpg,bhuvneshwar_kumar
330,83ae52e423.jpg,rohit_sharma
331,c0c0fa824d.jpg,yuzvendra_chahal
332,7620230e88.jpg,ms_dhoni
333,a57451f974.jpg,hardik_pandya
334,29964deb73.jpg,virat_kohli
335,80fd4a385a.jpg,dinesh_karthik
336,191b303c19.jpg,ms_dhoni
337,cf7b7a1dc3.jpg,rohit_sharma
338,5038ffd8b1.jpg,mohammed_shami
339,5c281e8af5.jpg,vijay_shankar
340,aae1e34e73.jpg,shikhar_dhawan
341,a9824b4f52.jpg,dinesh_karthik
342,57a7757486.jpg,k._l._rahul
343,f538543dbe.jpg,ms_dhoni
344,8b0d82d923.jpg,rohit_sharma
345,7dace6eee7.jpg,kuldeep_yadav
346,e0bcb9bb09.jpg,dinesh_karthik
347,4712de976b.jpg,kuldeep_yadav
348,0ed5cd0e4d.jpg,k._l._rahul
349,804083b27f.jpg,hardik_pandya
350,c3b824e531.jpg,ravindra_jadeja
351,f81c174d86.jpg,vijay_shankar
352,021f017430.jpg,jasprit_bumrah
353,5552c950a8.jpg,bhuvneshwar_kumar
354,40d5b8502c.jpg,yuzvendra_chahal
355,a4dc748a11.jpg,shikhar_dhawan
356,95dcc095fc.jpg,dinesh_karthik
357,dd10823d29.jpg,kedar_jadhav
358,bf044dc6ce.jpg,ravindra_jadeja
359,1ae0a5e035.jpg,dinesh_karthik
360,5fee608996.jpg,mohammed_shami
361,b894de32fc.jpg,yuzvendra_chahal
362,a527645a4b.jpg,kedar_jadhav
363,57a4b16f46.jpg,jasprit_bumrah
364,4c57d303f0.jpg,jasprit_bumrah
365,b67f6e6a49.jpg,shikhar_dhawan
366,e24ad741ea.jpg,vijay_shankar
367,5e6e7ae0c4.jpg,rohit_sharma
368,944754c245.jpg,virat_kohli
369,599d94eb64.jpg,yuzvendra_chahal
370,e4c9668613.jpg,kuldeep_yadav
371,96128057da.jpg,hardik_pandya
372,59ec66e5ba.jpg,virat_kohli
373,b00027c51f.jpg,rohit_sharma
374,dc86ddb25f.jpg,ravindra_jadeja
375,65355c307e.jpg,shikhar_dhawan
376,8d08a97d2f.jpg,virat_kohli
377,d096e1aee6.jpg,k._l._rahul
378,f615f53cbe.jpg,mohammed_shami
379,1011db1f0d.jpg,rohit_sharma
380,53252ae812.jpg,vijay_shankar
381,d478b02c28.jpg,dinesh_karthik
382,a362085867.jpg,hardik_pandya
383,388cb9659b.jpg,rohit_sharma
384,fbc90f8aff.jpg,kedar_jadhav
385,f7e6dbc152.jpg,kuldeep_yadav
386,1f1aeebac0.jpg,virat_kohli
387,0cee7c1751.jpg,ravindra_jadeja
388,efe44a7c3b.jpg,jasprit_bumrah
389,99c154d4cd.jpg,k._l._rahul
390,85bed62aac.jpg,kedar_jadhav
391,ff1bceec0a.jpg,k._l._rahul
392,39ef9c57db.jpg,kuldeep_yadav
393,36fc0d54d8.jpg,mohammed_shami
394,5db8edfe8e.jpg,ravindra_jadeja
395,0e07ff0c63.jpg,shikhar_dhawan
396,44fb6de1a0.jpg,shikhar_dhawan
397,d3cf5e6208.jpg,kuldeep_yadav
398,52495de751.jpg,virat_kohli
399,8bf958ac5a.jpg,ravindra_jadeja
400,f60ca4a0b8.jpg,vijay_shankar
401,b5ae90c36d.jpg,ms_dhoni
402,b17f6090cb.jpg,virat_kohli
403,abfcf7b184.jpg,ms_dhoni
404,871c6e865f.jpg,mohammed_shami
405,c70f4d0167.jpg,dinesh_karthik
406,5b0f37459e.jpg,hardik_pandya
407,15ed5c95dc.jpg,k._l._rahul
408,607ba65d71.jpg,k._l._rahul
409,078411b7f3.jpg,kedar_jadhav
410,1431edba0f.jpg,rohit_sharma
411,88021620df.jpg,hardik_pandya
412,496515fa9f.jpg,ms_dhoni
413,fbc75f2e37.jpg,jasprit_bumrah
414,d8d9d00fc3.jpg,rohit_sharma
415,8400518a9b.jpg,bhuvneshwar_kumar
416,9d7aac4456.jpg,jasprit_bumrah
417,1908d7fad6.jpg,ravindra_jadeja
418,5917b71056.jpg,yuzvendra_chahal
419,2aa9f8bf65.jpg,kedar_jadhav
420,49297c299b.jpg,ms_dhoni
421,a4c618d66b.jpg,shikhar_dhawan
422,452cf439fd.jpg,ms_dhoni
423,42f56f3157.jpg,rohit_sharma
424,7e433a1ea5.jpg,kedar_jadhav
425,5f83ca00cc.jpg,ms_dhoni
426,8636ebb753.jpg,ravindra_jadeja
427,16a2bd47a2.jpg,kuldeep_yadav
428,09b7a14201.jpg,rohit_sharma
429,c5e8f71a28.jpg,ravindra_jadeja
430,35381897eb.jpg,virat_kohli
431,49927198f8.jpg,hardik_pandya
432,df7d8523ef.jpg,hardik_pandya
433,1ea5bdd920.jpg,jasprit_bumrah
434,fdfe3c6362.jpg,kuldeep_yadav
435,e39ed31a42.jpg,shikhar_dhawan
436,fc8742d69d.jpg,ravindra_jadeja
437,2a89bdf59e.jpg,kuldeep_yadav
438,8ac5d9a0ce.jpg,ravindra_jadeja
439,91df29600d.jpg,k._l._rahul
440,8c2f3f48c5.jpg,ravindra_jadeja
441,984293eb85.jpg,dinesh_karthik
442,992126a605.jpg,virat_kohli
443,bb5f2be432.jpg,vijay_shankar
444,cb188ffb63.jpg,ms_dhoni
445,fbb016d2e2.jpg,hardik_pandya
446,1efd654ca1.jpg,rohit_sharma
447,d25d6338ba.jpg,hardik_pandya
448,e423738dc0.jpg,kuldeep_yadav
449,dc0a49b699.jpg,rohit_sharma
450,60627ea0c0.jpg,bhuvneshwar_kumar
451,1a270d5d83.jpg,ravindra_jadeja
452,3df35dc301.jpg,ravindra_jadeja
453,1fa4ef393c.jpg,hardik_pandya
454,d0138edfe3.jpg,rohit_sharma
455,05aba9afc8.jpg,k._l._rahul
456,72379a57e3.jpg,rohit_sharma
457,31adbf4755.jpg,vijay_shankar
458,5e01e19e60.jpg,virat_kohli
459,d6f3413db6.jpg,dinesh_karthik
460,2fd6ad388a.jpg,virat_kohli
461,92b38329e2.jpg,shikhar_dhawan
462,034560a35f.jpg,k._l._rahul
463,460915ed52.jpg,bhuvneshwar_kumar
464,5bbfb73fd7.jpg,ravindra_jadeja
465,6a93fc8fcc.jpg,virat_kohli
466,9b8b509e70.jpg,ravindra_jadeja
467,0213ee40d7.jpg,ravindra_jadeja
468,2e566e479f.jpg,rohit_sharma
469,ef5745ec56.jpg,ms_dhoni
470,e643746d0e.jpg,bhuvneshwar_kumar
471,5bc384d5d8.jpg,virat_kohli
472,29ae4b227b.jpg,shikhar_dhawan
473,2f7f366aa0.jpg,k._l._rahul
474,7fa5f2d27b.jpg,virat_kohli
475,2f0e2792e2.jpg,virat_kohli
476,2c41bd9df5.jpg,dinesh_karthik
477,c6bb4f2b7a.jpg,vijay_shankar
478,58b3fbbd4a.jpg,shikhar_dhawan
479,789c7198b9.jpg,bhuvneshwar_kumar
480,478fcbde6a.jpg,k._l._rahul
481,d9b45dd2e5.jpg,ms_dhoni
482,b32f2ece0d.jpg,hardik_pandya
483,2fd3ac6aa2.jpg,shikhar_dhawan
484,56c024ff65.jpg,ravindra_jadeja
485,391bc596bb.jpg,virat_kohli
486,a5a97de085.jpg,kedar_jadhav
487,8c0d4b0f43.jpg,ms_dhoni
488,8499e9bfab.jpg,ms_dhoni
489,f820e7674d.jpg,vijay_shankar
490,d8d41bdf14.jpg,mohammed_shami
491,15352f9af1.jpg,bhuvneshwar_kumar
492,6e7192a0ac.jpg,k._l._rahul
493,549083112b.jpg,ms_dhoni
494,e7f066b397.jpg,vijay_shankar
495,7d92a3ab0f.jpg,kuldeep_yadav
496,b57beb18af.jpg,kuldeep_yadav
497,81d56aaa78.jpg,ravindra_jadeja
498,67edab4c01.jpg,bhuvneshwar_kumar
499,b37aad4ebf.jpg,dinesh_karthik
500,80c9d3b874.jpg,kuldeep_yadav
501,12b898ec07.jpg,virat_kohli
502,55f6939d53.jpg,ravindra_jadeja
503,64f5826ff0.jpg,bhuvneshwar_kumar
504,febd5dfc37.jpg,ms_dhoni
505,b27ce104f4.jpg,bhuvneshwar_kumar
506,a2d54478b6.jpg,kuldeep_yadav
507,5b7c139010.jpg,ms_dhoni
508,e439786c18.jpg,ms_dhoni
509,76ed0691ae.jpg,shikhar_dhawan
510,30b2b58415.jpg,mohammed_shami
511,0b92f93882.jpg,hardik_pandya
512,895863bfb9.jpg,kuldeep_yadav
513,ad97ffaefb.jpg,ravindra_jadeja
514,e64688da0c.jpg,ravindra_jadeja
515,0089ca85c8.jpg,dinesh_karthik
516,83b6573a8e.jpg,yuzvendra_chahal
517,0389b4a1bc.jpg,bhuvneshwar_kumar
518,b94ae20f6b.jpg,mohammed_shami
519,0d3ff6670d.jpg,hardik_pandya
520,188fadb92e.jpg,hardik_pandya
521,1c4f33e7c0.jpg,kedar_jadhav
522,6e43430182.jpg,hardik_pandya
523,ad0dea783c.jpg,vijay_shankar
524,13de1274a5.jpg,yuzvendra_chahal
525,92d227d0cb.jpg,kuldeep_yadav
526,35cf0ade50.jpg,vijay_shankar
527,d3bbfd0e17.jpg,ms_dhoni
528,ebd009d40a.jpg,kedar_jadhav
529,87d8862dcb.jpg,kuldeep_yadav
530,554aecf359.jpg,kedar_jadhav
531,47f59d6127.jpg,rohit_sharma
532,de60b30f52.jpg,rohit_sharma
533,790d9187af.jpg,kuldeep_yadav
534,7bca8248d9.jpg,bhuvneshwar_kumar
535,6803a74291.jpg,yuzvendra_chahal
536,1ae4d5444c.jpg,yuzvendra_chahal
537,99b3b63048.jpg,mohammed_shami
538,01d55934f2.jpg,jasprit_bumrah
539,151ffbc7e1.jpg,rohit_sharma
540,5f8d51926e.jpg,mohammed_shami
541,538935ba68.jpg,k._l._rahul
542,36c0f8ff56.jpg,mohammed_shami
543,5313a18acb.jpg,ms_dhoni
544,f241089737.jpg,vijay_shankar
545,aa86e98ec6.jpg,k._l._rahul
546,8a49b155fa.jpg,virat_kohli
547,8bb820cdfc.jpg,kuldeep_yadav
548,77de3577e8.jpg,kedar_jadhav
549,3d112a3e8c.jpg,rohit_sharma
550,e85d390eef.jpg,hardik_pandya
551,2a4714c68e.jpg,kedar_jadhav
552,8a30b7b52e.jpg,yuzvendra_chahal
553,293c33d70f.jpg,kuldeep_yadav
554,87dd613995.jpg,mohammed_shami
555,c5939d8a6a.jpg,kedar_jadhav
556,4ee0b32792.jpg,yuzvendra_chahal
557,3ac6ddcfaf.jpg,k._l._rahul
558,648af2b379.jpg,kedar_jadhav
559,c55f37764a.jpg,rohit_sharma
560,6b2aa40ddb.jpg,virat_kohli
561,c2bd81e558.jpg,mohammed_shami
562,fdd5406b85.jpg,dinesh_karthik
563,a651e607bb.jpg,rohit_sharma
564,faf08f3757.jpg,k._l._rahul
565,f918142230.jpg,k._l._rahul
566,33f167aa07.jpg,kedar_jadhav
567,6ccd9915be.jpg,k._l._rahul
568,3fdd052d49.jpg,kuldeep_yadav
569,e8f7805bfb.jpg,yuzvendra_chahal
570,15bc43b49a.jpg,hardik_pandya
571,9df5df9ab0.jpg,bhuvneshwar_kumar
572,950a804c19.jpg,rohit_sharma
573,fe83d58508.jpg,ravindra_jadeja
574,6added3d92.jpg,bhuvneshwar_kumar
575,014c84697e.jpg,dinesh_karthik
